﻿"id","course_id","term","start_date","end_date","signup"
1,1,"ROLLING",null,null,"CLOSED"
2,2,"ROLLING",null,null,"CLOSED"
3,3,"ROLLING",null,null,"CLOSED"
4,4,"ROLLING",null,null,"CLOSED"
5,5,"FIXED",8/6/2013 12:00:00 AM,8/28/2013 12:00:00 AM,"CLOSED"
6,6,"ROLLING",null,null,"CLOSED"
7,7,"ROLLING",null,null,"OPEN"
8,8,"ROLLING",null,null,"CLOSED"
9,9,"FIXED",3/18/2013 12:00:00 AM,5/5/2013 12:00:00 AM,"CLOSED"
10,10,"ROLLING",null,null,"CLOSED"
11,11,"ROLLING",2/18/2013 12:00:00 AM,4/1/2013 12:00:00 AM,"OPEN"
12,12,"ROLLING",null,null,"CLOSED"
13,13,"ROLLING",null,null,"CLOSED"
14,14,"ROLLING",null,null,"CLOSED"
15,15,"ROLLING",null,null,"CLOSED"
16,16,"ROLLING",null,null,"CLOSED"
17,17,"FIXED",4/15/2013 12:00:00 AM,4/21/2013 12:00:00 AM,"MODERATED"
18,18,"ROLLING",null,null,"CLOSED"
19,19,"ROLLING",null,null,"CLOSED"
20,20,"ROLLING",null,null,"CLOSED"
21,21,"ROLLING",null,null,"CLOSED"
22,22,"ROLLING",null,null,"CLOSED"
23,23,"ROLLING",null,null,"CLOSED"
24,24,"ROLLING",null,null,"CLOSED"
25,25,"ROLLING",null,null,"CLOSED"
26,26,"ROLLING",null,null,"CLOSED"
27,27,"ROLLING",null,null,"CLOSED"
28,28,"ROLLING",null,null,"CLOSED"
29,29,"ROLLING",null,null,"CLOSED"
30,30,"FIXED",3/6/2013 12:00:00 AM,6/14/2013 12:00:00 AM,"OPEN"
31,31,"ROLLING",null,null,"MODERATED"
32,32,"ROLLING",null,null,"CLOSED"
33,33,"ROLLING",null,null,"CLOSED"
34,34,"ROLLING",null,null,"CLOSED"
35,35,"ROLLING",null,null,"CLOSED"
36,36,"ROLLING",null,null,"CLOSED"
37,37,"ROLLING",null,null,"CLOSED"
38,38,"ROLLING",null,null,"CLOSED"
39,39,"ROLLING",null,null,"CLOSED"
40,40,"ROLLING",null,null,"OPEN"
41,41,"ROLLING",null,null,"CLOSED"
42,42,"ROLLING",null,null,"CLOSED"
43,43,"ROLLING",null,null,"CLOSED"
44,44,"ROLLING",null,null,"CLOSED"
45,45,"ROLLING",null,null,"CLOSED"
46,46,"FIXED",3/16/2013 12:00:00 AM,12/31/2013 12:00:00 AM,"CLOSED"
47,47,"ROLLING",null,null,"CLOSED"
48,48,"ROLLING",null,null,"CLOSED"
49,49,"FIXED",5/14/2013 12:00:00 AM,6/19/2013 12:00:00 AM,"CLOSED"
50,50,"ROLLING",null,null,"OPEN"
51,51,"ROLLING",null,null,"CLOSED"
52,52,"ROLLING",2/15/2013 12:00:00 AM,2/28/2013 12:00:00 AM,"OPEN"
53,53,"ROLLING",null,null,"CLOSED"
54,54,"ROLLING",null,null,"CLOSED"
55,55,"ROLLING",null,null,"CLOSED"
56,56,"ROLLING",null,null,"CLOSED"
57,57,"ROLLING",null,null,"CLOSED"
58,58,"ROLLING",null,null,"CLOSED"
59,59,"ROLLING",null,null,"CLOSED"
60,60,"ROLLING",null,null,"CLOSED"
61,61,"ROLLING",null,null,"CLOSED"
62,62,"ROLLING",null,null,"CLOSED"
63,63,"ROLLING",4/15/2013 12:00:00 AM,5/30/2013 12:00:00 AM,"OPEN"
64,64,"FIXED",2/11/2013 12:00:00 AM,4/15/2013 12:00:00 AM,"CLOSED"
65,65,"ROLLING",null,null,"CLOSED"
66,66,"ROLLING",null,null,"CLOSED"
67,67,"ROLLING",null,null,"CLOSED"
68,68,"ROLLING",null,null,"CLOSED"
69,69,"ROLLING",null,null,"CLOSED"
70,70,"ROLLING",null,null,"CLOSED"
71,71,"ROLLING",null,null,"CLOSED"
72,72,"ROLLING",null,null,"CLOSED"
73,73,"ROLLING",null,null,"CLOSED"
74,74,"ROLLING",null,null,"CLOSED"
75,75,"ROLLING",null,null,"OPEN"
76,76,"ROLLING",null,null,"CLOSED"
77,77,"FIXED",8/5/2013 12:00:00 AM,9/1/2013 12:00:00 AM,"CLOSED"
78,78,"ROLLING",null,null,"CLOSED"
79,79,"ROLLING",null,null,"CLOSED"
80,80,"ROLLING",null,null,"CLOSED"
81,81,"ROLLING",null,null,"CLOSED"
82,82,"ROLLING",null,null,"CLOSED"
83,83,"ROLLING",null,null,"OPEN"
84,84,"ROLLING",null,null,"CLOSED"
85,85,"ROLLING",null,null,"CLOSED"
86,86,"ROLLING",null,null,"CLOSED"
87,87,"FIXED",3/1/2013 12:00:00 AM,6/30/2013 12:00:00 AM,"OPEN"
88,88,"ROLLING",null,null,"CLOSED"
89,89,"ROLLING",null,null,"CLOSED"
90,90,"ROLLING",null,null,"CLOSED"
91,91,"ROLLING",null,null,"CLOSED"
92,92,"ROLLING",null,null,"CLOSED"
93,93,"ROLLING",null,null,"CLOSED"
94,94,"ROLLING",null,null,"CLOSED"
95,95,"ROLLING",null,null,"CLOSED"
96,96,"FIXED",2/23/2013 12:00:00 AM,4/30/2013 12:00:00 AM,"CLOSED"
97,97,"ROLLING",null,null,"CLOSED"
98,98,"ROLLING",null,null,"CLOSED"
99,99,"ROLLING",null,null,"CLOSED"
100,100,"ROLLING",null,null,"CLOSED"
101,101,"ROLLING",null,null,"CLOSED"
102,102,"ROLLING",null,null,"CLOSED"
103,103,"ROLLING",null,null,"CLOSED"
104,104,"ROLLING",null,null,"CLOSED"
105,105,"ROLLING",null,null,"CLOSED"
106,106,"ROLLING",2/3/2013 12:00:00 AM,2/4/2013 12:00:00 AM,"CLOSED"
107,107,"ROLLING",null,null,"CLOSED"
108,108,"ROLLING",null,null,"CLOSED"
109,109,"ROLLING",null,null,"CLOSED"
110,110,"ROLLING",null,null,"CLOSED"
111,111,"FIXED",3/25/2013 12:00:00 AM,5/12/2013 12:00:00 AM,"CLOSED"
112,112,"ROLLING",null,null,"CLOSED"
113,113,"ROLLING",null,null,"OPEN"
114,114,"ROLLING",null,null,"OPEN"
115,115,"ROLLING",null,null,"CLOSED"
116,116,"ROLLING",null,null,"CLOSED"
117,117,"ROLLING",null,null,"CLOSED"
118,118,"ROLLING",null,null,"CLOSED"
119,119,"ROLLING",null,null,"CLOSED"
120,120,"ROLLING",null,null,"CLOSED"
121,121,"ROLLING",null,null,"CLOSED"
122,122,"ROLLING",null,null,"CLOSED"
123,123,"ROLLING",null,null,"CLOSED"
124,124,"ROLLING",null,null,"CLOSED"
125,125,"ROLLING",null,null,"CLOSED"
126,126,"ROLLING",null,null,"CLOSED"
127,127,"ROLLING",null,null,"CLOSED"
128,128,"ROLLING",null,null,"CLOSED"
129,129,"ROLLING",null,null,"CLOSED"
130,130,"ROLLING",null,null,"CLOSED"
131,131,"ROLLING",null,null,"CLOSED"
132,132,"ROLLING",null,null,"CLOSED"
133,133,"ROLLING",null,null,"OPEN"
134,134,"ROLLING",null,null,"CLOSED"
135,135,"ROLLING",null,null,"CLOSED"
136,136,"ROLLING",null,null,"CLOSED"
137,137,"ROLLING",null,null,"CLOSED"
138,138,"ROLLING",null,null,"CLOSED"
139,139,"ROLLING",null,null,"CLOSED"
140,140,"ROLLING",null,null,"CLOSED"
141,141,"ROLLING",null,null,"CLOSED"
142,142,"ROLLING",null,null,"CLOSED"
143,143,"ROLLING",null,null,"CLOSED"
144,144,"ROLLING",null,null,"CLOSED"
145,145,"ROLLING",null,null,"CLOSED"
146,146,"ROLLING",null,null,"CLOSED"
147,147,"FIXED",3/17/2013 12:00:00 AM,4/29/2013 12:00:00 AM,"MODERATED"
148,148,"ROLLING",null,null,"CLOSED"
149,149,"ROLLING",null,null,"CLOSED"
150,150,"ROLLING",null,null,"CLOSED"
151,151,"ROLLING",null,null,"CLOSED"
152,152,"ROLLING",null,null,"CLOSED"
153,153,"ROLLING",null,null,"CLOSED"
154,154,"ROLLING",null,null,"CLOSED"
155,155,"ROLLING",null,null,"CLOSED"
156,156,"ROLLING",null,null,"CLOSED"
157,157,"ROLLING",null,null,"CLOSED"
158,158,"ROLLING",null,null,"CLOSED"
159,159,"ROLLING",null,null,"CLOSED"
160,160,"ROLLING",null,null,"OPEN"
161,161,"ROLLING",null,null,"CLOSED"
162,162,"ROLLING",null,null,"CLOSED"
163,163,"ROLLING",null,null,"CLOSED"
164,164,"FIXED",3/17/2013 12:00:00 AM,3/24/2013 12:00:00 AM,"MODERATED"
165,165,"ROLLING",null,null,"CLOSED"
166,166,"ROLLING",null,null,"CLOSED"
167,167,"ROLLING",null,null,"CLOSED"
168,168,"ROLLING",null,null,"CLOSED"
169,169,"ROLLING",null,null,"CLOSED"
170,170,"ROLLING",null,null,"CLOSED"
171,171,"ROLLING",null,null,"CLOSED"
172,172,"ROLLING",null,null,"CLOSED"
173,173,"ROLLING",null,null,"CLOSED"
174,174,"ROLLING",null,null,"CLOSED"
175,175,"ROLLING",null,null,"OPEN"
176,176,"ROLLING",null,null,"CLOSED"
177,177,"ROLLING",null,null,"CLOSED"
178,178,"ROLLING",null,null,"CLOSED"
179,179,"ROLLING",null,null,"OPEN"
180,180,"FIXED",3/19/2013 12:00:00 AM,5/31/2013 12:00:00 AM,"CLOSED"
181,181,"ROLLING",null,null,"CLOSED"
182,182,"FIXED",3/13/2013 12:00:00 AM,8/13/2013 12:00:00 AM,"CLOSED"
183,183,"ROLLING",null,null,"CLOSED"
184,184,"ROLLING",null,null,"CLOSED"
185,185,"FIXED",4/16/2013 12:00:00 AM,5/14/2013 12:00:00 AM,"MODERATED"
186,186,"ROLLING",null,null,"CLOSED"
187,187,"ROLLING",null,null,"CLOSED"
188,188,"ROLLING",null,null,"CLOSED"
189,189,"ROLLING",null,null,"CLOSED"
190,190,"ROLLING",null,null,"CLOSED"
191,191,"ROLLING",null,null,"CLOSED"
192,192,"ROLLING",null,null,"CLOSED"
193,193,"ROLLING",null,null,"CLOSED"
194,194,"FIXED",5/7/2013 12:00:00 AM,6/18/2013 12:00:00 AM,"CLOSED"
195,195,"ROLLING",null,null,"CLOSED"
196,196,"ROLLING",null,null,"CLOSED"
197,197,"ROLLING",null,null,"CLOSED"
198,198,"ROLLING",null,null,"CLOSED"
199,199,"ROLLING",null,null,"CLOSED"
200,200,"ROLLING",null,null,"OPEN"
201,201,"ROLLING",null,null,"CLOSED"
202,202,"ROLLING",null,null,"CLOSED"
203,203,"ROLLING",null,null,"CLOSED"
204,204,"ROLLING",null,null,"CLOSED"
205,205,"ROLLING",null,null,"CLOSED"
206,206,"ROLLING",null,null,"CLOSED"
207,207,"ROLLING",null,null,"CLOSED"
208,208,"ROLLING",null,null,"CLOSED"
209,209,"ROLLING",null,null,"CLOSED"
210,210,"ROLLING",null,null,"CLOSED"
211,211,"ROLLING",null,null,"CLOSED"
212,212,"ROLLING",null,null,"CLOSED"
213,213,"ROLLING",null,null,"CLOSED"
214,214,"ROLLING",null,null,"CLOSED"
215,215,"ROLLING",null,null,"CLOSED"
216,216,"ROLLING",null,null,"CLOSED"
217,217,"ROLLING",null,null,"CLOSED"
218,218,"ROLLING",null,null,"CLOSED"
219,219,"FIXED",3/18/2013 12:00:00 AM,3/22/2013 12:00:00 AM,"MODERATED"
220,220,"FIXED",4/20/2013 12:00:00 AM,4/21/2013 12:00:00 AM,"OPEN"
221,221,"ROLLING",null,null,"CLOSED"
222,222,"ROLLING",null,null,"CLOSED"
223,223,"ROLLING",null,null,"CLOSED"
224,224,"ROLLING",null,null,"CLOSED"
225,225,"ROLLING",null,null,"MODERATED"
226,226,"ROLLING",null,null,"OPEN"
227,227,"ROLLING",null,null,"CLOSED"
228,228,"ROLLING",null,null,"OPEN"
229,229,"ROLLING",null,null,"CLOSED"
230,230,"ROLLING",null,null,"OPEN"
231,231,"ROLLING",null,null,"CLOSED"
232,232,"ROLLING",null,null,"CLOSED"
233,233,"ROLLING",null,null,"CLOSED"
234,234,"ROLLING",null,null,"CLOSED"
235,235,"ROLLING",null,null,"CLOSED"
236,236,"ROLLING",null,null,"CLOSED"
237,237,"ROLLING",null,null,"CLOSED"
238,238,"ROLLING",null,null,"CLOSED"
239,239,"ROLLING",null,null,"CLOSED"
240,240,"ROLLING",null,null,"CLOSED"
241,241,"ROLLING",null,null,"CLOSED"
242,242,"ROLLING",null,null,"CLOSED"
243,243,"ROLLING",null,null,"CLOSED"
244,244,"ROLLING",null,null,"CLOSED"
245,245,"ROLLING",null,null,"CLOSED"
246,246,"ROLLING",null,null,"OPEN"
247,247,"ROLLING",null,null,"CLOSED"
248,248,"ROLLING",null,null,"CLOSED"
249,249,"ROLLING",null,null,"CLOSED"
250,250,"ROLLING",null,null,"CLOSED"
251,251,"ROLLING",null,null,"CLOSED"
252,252,"ROLLING",null,null,"CLOSED"
253,253,"ROLLING",null,null,"CLOSED"
254,254,"ROLLING",null,null,"CLOSED"
255,255,"ROLLING",null,null,"CLOSED"
256,256,"ROLLING",null,null,"CLOSED"
257,257,"ROLLING",null,null,"CLOSED"
258,258,"ROLLING",null,null,"CLOSED"
259,259,"ROLLING",null,null,"CLOSED"
260,260,"ROLLING",null,null,"CLOSED"
261,261,"ROLLING",null,null,"CLOSED"
262,262,"ROLLING",null,null,"CLOSED"
263,263,"ROLLING",null,null,"CLOSED"
264,264,"ROLLING",null,null,"CLOSED"
265,265,"ROLLING",null,null,"CLOSED"
266,266,"ROLLING",null,null,"CLOSED"
267,267,"ROLLING",null,null,"CLOSED"
268,268,"ROLLING",null,null,"CLOSED"
269,269,"ROLLING",null,null,"CLOSED"
270,270,"ROLLING",null,null,"CLOSED"
271,271,"ROLLING",null,null,"CLOSED"
272,272,"ROLLING",null,null,"CLOSED"
273,273,"ROLLING",null,null,"CLOSED"
274,274,"ROLLING",null,null,"CLOSED"
275,275,"ROLLING",null,null,"CLOSED"
276,276,"ROLLING",null,null,"CLOSED"
277,277,"ROLLING",null,null,"CLOSED"
278,278,"ROLLING",null,null,"CLOSED"
279,279,"ROLLING",null,null,"CLOSED"
280,280,"ROLLING",null,null,"CLOSED"
281,281,"ROLLING",null,null,"CLOSED"
282,282,"ROLLING",null,null,"CLOSED"
283,283,"ROLLING",null,null,"CLOSED"
284,284,"ROLLING",null,null,"CLOSED"
285,285,"ROLLING",null,null,"CLOSED"
286,286,"ROLLING",4/10/2013 12:00:00 AM,4/30/2013 12:00:00 AM,"CLOSED"
287,287,"ROLLING",null,null,"CLOSED"
288,288,"ROLLING",null,null,"CLOSED"
289,289,"ROLLING",null,null,"CLOSED"
290,290,"ROLLING",null,null,"CLOSED"
291,291,"ROLLING",null,null,"CLOSED"
292,292,"ROLLING",null,null,"CLOSED"
293,293,"ROLLING",null,null,"CLOSED"
294,294,"ROLLING",null,null,"CLOSED"
295,295,"ROLLING",null,null,"CLOSED"
296,296,"ROLLING",null,null,"CLOSED"
297,297,"ROLLING",null,null,"CLOSED"
298,298,"ROLLING",null,null,"MODERATED"
299,299,"ROLLING",null,null,"CLOSED"
300,300,"ROLLING",null,null,"CLOSED"
301,301,"ROLLING",null,null,"CLOSED"
302,302,"ROLLING",null,null,"CLOSED"
303,303,"ROLLING",null,null,"CLOSED"
304,304,"FIXED",6/21/2013 12:00:00 AM,6/21/2014 12:00:00 AM,"OPEN"
305,305,"ROLLING",null,null,"CLOSED"
306,306,"ROLLING",null,null,"CLOSED"
307,307,"ROLLING",null,null,"CLOSED"
308,308,"ROLLING",null,null,"CLOSED"
309,309,"ROLLING",null,null,"CLOSED"
310,310,"ROLLING",null,null,"CLOSED"
311,311,"ROLLING",null,null,"CLOSED"
312,312,"ROLLING",null,null,"CLOSED"
313,313,"ROLLING",null,null,"OPEN"
314,314,"ROLLING",null,null,"CLOSED"
315,315,"ROLLING",null,null,"CLOSED"
316,316,"ROLLING",null,null,"CLOSED"
317,317,"ROLLING",null,null,"CLOSED"
318,318,"ROLLING",null,null,"CLOSED"
319,319,"FIXED",5/1/2013 12:00:00 AM,6/13/2013 12:00:00 AM,"MODERATED"
320,320,"ROLLING",null,null,"CLOSED"
321,321,"ROLLING",null,null,"CLOSED"
322,322,"ROLLING",null,null,"CLOSED"
323,323,"ROLLING",null,null,"CLOSED"
324,324,"ROLLING",null,null,"CLOSED"
325,325,"ROLLING",null,null,"CLOSED"
326,326,"ROLLING",null,null,"CLOSED"
327,327,"ROLLING",null,null,"CLOSED"
328,328,"ROLLING",null,null,"CLOSED"
329,329,"ROLLING",null,null,"CLOSED"
330,330,"ROLLING",null,null,"CLOSED"
331,331,"ROLLING",null,null,"CLOSED"
332,332,"ROLLING",null,null,"CLOSED"
333,333,"ROLLING",null,null,"CLOSED"
334,334,"ROLLING",null,null,"CLOSED"
335,335,"ROLLING",null,null,"CLOSED"
336,336,"ROLLING",null,null,"CLOSED"
337,337,"ROLLING",null,null,"CLOSED"
338,338,"ROLLING",null,null,"CLOSED"
339,339,"ROLLING",null,null,"CLOSED"
340,340,"ROLLING",null,null,"CLOSED"
341,341,"ROLLING",null,null,"CLOSED"
342,342,"ROLLING",null,null,"CLOSED"
343,343,"ROLLING",null,null,"CLOSED"
344,344,"ROLLING",null,null,"CLOSED"
345,345,"FIXED",5/13/2013 12:00:00 AM,5/31/2013 12:00:00 AM,"OPEN"
346,346,"ROLLING",null,null,"OPEN"
347,347,"ROLLING",null,null,"CLOSED"
348,348,"ROLLING",null,null,"CLOSED"
349,349,"ROLLING",null,null,"CLOSED"
350,350,"ROLLING",null,null,"CLOSED"
351,351,"ROLLING",null,null,"CLOSED"
352,352,"ROLLING",null,null,"CLOSED"
353,353,"ROLLING",null,null,"MODERATED"
354,354,"ROLLING",null,null,"MODERATED"
355,355,"ROLLING",null,null,"CLOSED"
356,356,"ROLLING",null,null,"CLOSED"
357,357,"ROLLING",null,null,"CLOSED"
358,358,"ROLLING",null,null,"CLOSED"
359,359,"ROLLING",null,null,"CLOSED"
360,360,"ROLLING",null,null,"CLOSED"
361,361,"ROLLING",null,null,"CLOSED"
362,362,"ROLLING",null,null,"CLOSED"
363,363,"ROLLING",null,null,"CLOSED"
364,364,"ROLLING",null,null,"OPEN"
365,365,"ROLLING",null,null,"CLOSED"
366,366,"ROLLING",null,null,"CLOSED"
367,367,"ROLLING",null,null,"CLOSED"
368,368,"ROLLING",null,null,"CLOSED"
369,369,"ROLLING",null,null,"CLOSED"
370,370,"ROLLING",null,null,"CLOSED"
371,371,"ROLLING",null,null,"CLOSED"
372,372,"ROLLING",null,null,"CLOSED"
373,373,"ROLLING",null,null,"CLOSED"
374,374,"FIXED",5/6/2013 12:00:00 AM,5/20/2013 12:00:00 AM,"OPEN"
375,375,"ROLLING",null,null,"CLOSED"
376,376,"ROLLING",null,null,"CLOSED"
377,377,"ROLLING",null,null,"CLOSED"
378,378,"ROLLING",null,null,"CLOSED"
379,379,"ROLLING",null,null,"CLOSED"
380,380,"ROLLING",null,null,"CLOSED"
381,381,"ROLLING",null,null,"CLOSED"
382,382,"ROLLING",null,null,"CLOSED"
383,383,"ROLLING",null,null,"CLOSED"
384,384,"ROLLING",null,null,"OPEN"
385,385,"ROLLING",null,null,"CLOSED"
386,386,"ROLLING",null,null,"OPEN"
387,387,"ROLLING",null,null,"MODERATED"
388,388,"ROLLING",null,null,"CLOSED"
389,389,"ROLLING",null,null,"CLOSED"
390,390,"ROLLING",null,null,"CLOSED"
391,391,"ROLLING",null,null,"CLOSED"
392,392,"ROLLING",null,null,"CLOSED"
393,393,"ROLLING",null,null,"CLOSED"
394,394,"ROLLING",null,null,"CLOSED"
395,395,"ROLLING",null,null,"CLOSED"
396,396,"ROLLING",null,null,"OPEN"
397,397,"ROLLING",null,null,"CLOSED"
398,398,"ROLLING",null,null,"CLOSED"
399,399,"ROLLING",null,null,"OPEN"
400,400,"ROLLING",null,null,"CLOSED"
401,401,"ROLLING",null,null,"CLOSED"
402,402,"ROLLING",null,null,"CLOSED"
403,403,"ROLLING",null,null,"CLOSED"
404,404,"ROLLING",null,null,"CLOSED"
405,405,"ROLLING",null,null,"CLOSED"
406,406,"ROLLING",null,null,"CLOSED"
407,407,"ROLLING",null,null,"CLOSED"
408,408,"ROLLING",null,null,"CLOSED"
409,409,"ROLLING",null,null,"CLOSED"
410,410,"ROLLING",null,null,"CLOSED"
411,411,"FIXED",9/2/2013 12:00:00 AM,9/30/2013 12:00:00 AM,"CLOSED"
412,412,"ROLLING",null,null,"CLOSED"
413,413,"ROLLING",null,null,"CLOSED"
414,414,"ROLLING",null,null,"CLOSED"
415,415,"ROLLING",null,null,"CLOSED"
416,416,"ROLLING",null,null,"CLOSED"
417,417,"ROLLING",null,null,"CLOSED"
418,418,"ROLLING",null,null,"CLOSED"
419,419,"FIXED",5/16/2013 12:00:00 AM,7/7/2013 12:00:00 AM,"OPEN"
420,420,"ROLLING",null,null,"CLOSED"
421,421,"ROLLING",null,null,"CLOSED"
422,422,"ROLLING",null,null,"CLOSED"
423,423,"ROLLING",null,null,"MODERATED"
424,424,"ROLLING",null,null,"CLOSED"
425,425,"ROLLING",null,null,"CLOSED"
426,426,"ROLLING",null,null,"CLOSED"
427,427,"ROLLING",null,null,"CLOSED"
428,428,"ROLLING",null,null,"CLOSED"
429,429,"ROLLING",null,null,"CLOSED"
430,430,"FIXED",5/19/2013 12:00:00 AM,5/21/2013 12:00:00 AM,"CLOSED"
431,431,"ROLLING",null,null,"CLOSED"
432,432,"ROLLING",null,null,"CLOSED"
433,433,"ROLLING",null,null,"CLOSED"
434,434,"ROLLING",null,null,"CLOSED"
435,435,"ROLLING",null,null,"MODERATED"
436,436,"ROLLING",null,null,"CLOSED"
437,437,"ROLLING",null,null,"CLOSED"
438,438,"ROLLING",null,null,"CLOSED"
439,439,"ROLLING",null,null,"CLOSED"
440,440,"ROLLING",null,null,"CLOSED"
441,441,"ROLLING",null,null,"CLOSED"
442,442,"ROLLING",null,null,"CLOSED"
443,443,"ROLLING",null,null,"CLOSED"
444,444,"ROLLING",null,null,"CLOSED"
445,445,"ROLLING",null,null,"OPEN"
446,446,"ROLLING",null,null,"CLOSED"
447,447,"ROLLING",null,null,"CLOSED"
448,448,"FIXED",5/23/2013 12:00:00 AM,8/8/2013 12:00:00 AM,"CLOSED"
449,449,"ROLLING",null,null,"CLOSED"
450,450,"ROLLING",null,null,"CLOSED"
451,451,"ROLLING",null,null,"CLOSED"
452,452,"ROLLING",null,null,"CLOSED"
453,453,"ROLLING",null,null,"CLOSED"
454,454,"ROLLING",null,null,"CLOSED"
455,455,"ROLLING",null,null,"CLOSED"
456,456,"ROLLING",null,null,"CLOSED"
457,457,"ROLLING",null,null,"CLOSED"
458,458,"ROLLING",null,null,"OPEN"
459,459,"ROLLING",null,null,"CLOSED"
460,460,"ROLLING",null,null,"CLOSED"
461,461,"FIXED",5/28/2013 12:00:00 AM,6/30/2013 12:00:00 AM,"CLOSED"
462,462,"ROLLING",null,null,"CLOSED"
463,463,"ROLLING",null,null,"CLOSED"
464,464,"ROLLING",null,null,"CLOSED"
465,465,"ROLLING",null,null,"CLOSED"
466,466,"ROLLING",null,null,"CLOSED"
467,467,"ROLLING",null,null,"CLOSED"
468,468,"ROLLING",null,null,"CLOSED"
469,469,"ROLLING",null,null,"CLOSED"
470,470,"ROLLING",null,null,"CLOSED"
471,471,"ROLLING",null,null,"CLOSED"
472,472,"ROLLING",null,null,"OPEN"
473,473,"ROLLING",null,null,"OPEN"
474,474,"ROLLING",null,null,"CLOSED"
475,475,"ROLLING",null,null,"OPEN"
476,476,"ROLLING",null,null,"CLOSED"
477,477,"ROLLING",null,null,"CLOSED"
478,478,"ROLLING",null,null,"CLOSED"
479,479,"ROLLING",null,null,"CLOSED"
480,480,"ROLLING",null,null,"CLOSED"
481,481,"ROLLING",null,null,"CLOSED"
482,482,"ROLLING",null,null,"CLOSED"
483,483,"ROLLING",null,null,"CLOSED"
484,484,"ROLLING",null,null,"CLOSED"
485,485,"ROLLING",null,null,"CLOSED"
486,486,"ROLLING",null,null,"CLOSED"
487,487,"ROLLING",null,null,"CLOSED"
488,488,"ROLLING",null,null,"CLOSED"
489,489,"ROLLING",null,null,"CLOSED"
490,490,"ROLLING",null,null,"CLOSED"
491,491,"ROLLING",null,null,"CLOSED"
492,492,"ROLLING",null,null,"CLOSED"
493,493,"ROLLING",null,null,"CLOSED"
494,494,"ROLLING",null,null,"CLOSED"
495,495,"ROLLING",null,null,"CLOSED"
496,496,"ROLLING",null,null,"CLOSED"
497,497,"FIXED",7/1/2013 12:00:00 AM,8/18/2013 12:00:00 AM,"OPEN"
498,498,"ROLLING",null,null,"CLOSED"
499,499,"ROLLING",null,null,"CLOSED"
500,500,"ROLLING",null,null,"CLOSED"
501,501,"ROLLING",null,null,"CLOSED"
502,502,"ROLLING",null,null,"CLOSED"
503,503,"ROLLING",null,null,"CLOSED"
504,504,"ROLLING",null,null,"CLOSED"
505,505,"ROLLING",null,null,"OPEN"
506,506,"ROLLING",null,null,"CLOSED"
507,507,"ROLLING",null,null,"CLOSED"
508,508,"ROLLING",null,null,"CLOSED"
509,509,"ROLLING",null,null,"CLOSED"
510,510,"ROLLING",null,null,"CLOSED"
511,511,"ROLLING",null,null,"CLOSED"
512,512,"ROLLING",null,null,"CLOSED"
513,513,"ROLLING",null,null,"CLOSED"
514,514,"ROLLING",null,null,"CLOSED"
515,515,"ROLLING",null,null,"CLOSED"
516,516,"ROLLING",null,null,"CLOSED"
517,517,"ROLLING",null,null,"CLOSED"
518,518,"ROLLING",null,null,"CLOSED"
519,519,"ROLLING",null,null,"CLOSED"
520,520,"ROLLING",null,null,"CLOSED"
521,521,"ROLLING",null,null,"CLOSED"
522,522,"ROLLING",null,null,"CLOSED"
523,523,"ROLLING",null,null,"CLOSED"
524,524,"ROLLING",null,null,"CLOSED"
525,525,"ROLLING",null,null,"CLOSED"
526,526,"ROLLING",null,null,"CLOSED"
527,527,"ROLLING",null,null,"CLOSED"
528,528,"ROLLING",null,null,"CLOSED"
529,529,"ROLLING",null,null,"CLOSED"
530,530,"ROLLING",null,null,"CLOSED"
531,531,"ROLLING",null,null,"CLOSED"
532,532,"ROLLING",null,null,"CLOSED"
533,533,"ROLLING",null,null,"CLOSED"
534,534,"ROLLING",null,null,"CLOSED"
535,535,"ROLLING",null,null,"CLOSED"
536,536,"ROLLING",null,null,"CLOSED"
537,537,"ROLLING",null,null,"CLOSED"
538,538,"ROLLING",null,null,"CLOSED"
539,539,"ROLLING",null,null,"CLOSED"
540,540,"ROLLING",null,null,"CLOSED"
541,541,"ROLLING",null,null,"CLOSED"
542,542,"ROLLING",null,null,"CLOSED"
543,543,"ROLLING",null,null,"CLOSED"
544,544,"ROLLING",null,null,"CLOSED"
545,545,"ROLLING",null,null,"OPEN"
546,546,"ROLLING",null,null,"OPEN"
547,547,"ROLLING",null,null,"OPEN"
548,548,"ROLLING",null,null,"CLOSED"
549,549,"ROLLING",null,null,"CLOSED"
550,550,"ROLLING",null,null,"CLOSED"
551,551,"ROLLING",null,null,"CLOSED"
552,552,"ROLLING",null,null,"OPEN"
553,553,"ROLLING",null,null,"CLOSED"
554,554,"ROLLING",null,null,"CLOSED"
555,555,"ROLLING",null,null,"CLOSED"
556,556,"ROLLING",null,null,"CLOSED"
557,557,"ROLLING",null,null,"CLOSED"
558,558,"ROLLING",null,null,"CLOSED"
559,559,"ROLLING",null,null,"CLOSED"
560,560,"ROLLING",null,null,"CLOSED"
561,561,"ROLLING",null,null,"CLOSED"
562,562,"ROLLING",null,null,"CLOSED"
563,563,"ROLLING",null,null,"CLOSED"
564,564,"ROLLING",null,null,"CLOSED"
565,565,"ROLLING",null,null,"CLOSED"
566,566,"ROLLING",null,null,"CLOSED"
567,567,"ROLLING",null,null,"CLOSED"
568,568,"ROLLING",null,null,"CLOSED"
569,569,"ROLLING",null,null,"CLOSED"
570,570,"ROLLING",null,null,"CLOSED"
571,571,"ROLLING",null,null,"CLOSED"
572,572,"ROLLING",null,null,"CLOSED"
573,573,"ROLLING",null,null,"CLOSED"
574,574,"ROLLING",null,null,"CLOSED"
575,575,"ROLLING",null,null,"CLOSED"
576,576,"ROLLING",null,null,"CLOSED"
577,577,"ROLLING",null,null,"CLOSED"
578,578,"ROLLING",null,null,"CLOSED"
579,579,"ROLLING",null,null,"CLOSED"
580,580,"ROLLING",null,null,"CLOSED"
581,581,"ROLLING",null,null,"OPEN"
582,582,"ROLLING",null,null,"CLOSED"
583,583,"ROLLING",null,null,"OPEN"
584,584,"ROLLING",null,null,"CLOSED"
585,585,"ROLLING",null,null,"CLOSED"
586,586,"ROLLING",null,null,"CLOSED"
587,587,"ROLLING",null,null,"CLOSED"
588,588,"FIXED",8/5/2013 12:00:00 AM,9/8/2013 12:00:00 AM,"CLOSED"
589,589,"ROLLING",null,null,"CLOSED"
590,590,"ROLLING",null,null,"CLOSED"
591,591,"ROLLING",null,null,"CLOSED"
592,592,"ROLLING",null,null,"CLOSED"
593,593,"ROLLING",null,null,"CLOSED"
594,594,"ROLLING",null,null,"CLOSED"
595,595,"ROLLING",null,null,"CLOSED"
596,596,"ROLLING",null,null,"CLOSED"
597,597,"ROLLING",null,null,"CLOSED"
598,598,"ROLLING",null,null,"CLOSED"
599,599,"ROLLING",null,null,"CLOSED"
600,600,"ROLLING",null,null,"CLOSED"
601,601,"ROLLING",null,null,"CLOSED"
602,602,"ROLLING",null,null,"CLOSED"
603,603,"ROLLING",null,null,"CLOSED"
604,604,"ROLLING",null,null,"CLOSED"
605,605,"ROLLING",null,null,"CLOSED"
606,606,"ROLLING",null,null,"CLOSED"
607,607,"ROLLING",null,null,"CLOSED"
608,608,"ROLLING",null,null,"CLOSED"
609,609,"ROLLING",null,null,"CLOSED"
610,610,"ROLLING",null,null,"CLOSED"
611,611,"ROLLING",null,null,"CLOSED"
612,612,"ROLLING",null,null,"CLOSED"
613,613,"ROLLING",null,null,"CLOSED"
614,614,"ROLLING",null,null,"CLOSED"
615,615,"FIXED",7/8/2013 12:00:00 AM,7/31/2013 12:00:00 AM,"MODERATED"
616,616,"ROLLING",null,null,"CLOSED"
617,617,"ROLLING",null,null,"CLOSED"
618,618,"ROLLING",null,null,"CLOSED"
619,619,"ROLLING",null,null,"CLOSED"
620,620,"FIXED",8/5/2013 12:00:00 AM,9/22/2013 12:00:00 AM,"CLOSED"
621,621,"ROLLING",null,null,"CLOSED"
622,622,"ROLLING",null,null,"CLOSED"
623,623,"ROLLING",null,null,"CLOSED"
624,624,"ROLLING",null,null,"OPEN"
625,625,"ROLLING",null,null,"CLOSED"
626,626,"ROLLING",null,null,"OPEN"
627,627,"ROLLING",null,null,"CLOSED"
628,628,"ROLLING",null,null,"CLOSED"
629,629,"ROLLING",null,null,"CLOSED"
630,630,"ROLLING",null,null,"CLOSED"
631,631,"ROLLING",null,null,"CLOSED"
632,632,"ROLLING",null,null,"CLOSED"
633,633,"ROLLING",null,null,"CLOSED"
634,634,"ROLLING",null,null,"CLOSED"
635,635,"ROLLING",null,null,"CLOSED"
636,636,"ROLLING",null,null,"CLOSED"
637,637,"ROLLING",null,null,"CLOSED"
638,638,"ROLLING",null,null,"CLOSED"
639,639,"ROLLING",null,null,"CLOSED"
640,640,"ROLLING",null,null,"CLOSED"
641,641,"ROLLING",null,null,"CLOSED"
642,642,"ROLLING",null,null,"CLOSED"
643,643,"ROLLING",9/10/2013 12:00:00 AM,11/12/2013 12:00:00 AM,"CLOSED"
644,644,"ROLLING",null,null,"CLOSED"
645,645,"ROLLING",null,null,"CLOSED"
646,646,"ROLLING",null,null,"CLOSED"
647,647,"ROLLING",null,null,"CLOSED"
648,648,"ROLLING",null,null,"CLOSED"
649,649,"ROLLING",null,null,"CLOSED"
650,650,"ROLLING",null,null,"CLOSED"
651,651,"ROLLING",null,null,"CLOSED"
652,652,"ROLLING",null,null,"CLOSED"
653,653,"ROLLING",null,null,"OPEN"
654,654,"ROLLING",null,null,"CLOSED"
655,655,"ROLLING",null,null,"CLOSED"
656,656,"ROLLING",null,null,"CLOSED"
657,657,"ROLLING",null,null,"CLOSED"
658,658,"ROLLING",null,null,"OPEN"
659,659,"ROLLING",null,null,"CLOSED"
660,660,"ROLLING",null,null,"CLOSED"
661,661,"ROLLING",null,null,"CLOSED"
662,662,"ROLLING",null,null,"CLOSED"
663,663,"ROLLING",null,null,"CLOSED"
664,664,"ROLLING",null,null,"CLOSED"
665,665,"ROLLING",null,null,"CLOSED"
666,666,"ROLLING",null,null,"OPEN"
667,667,"FIXED",7/22/2013 12:00:00 AM,8/4/2013 12:00:00 AM,"MODERATED"
668,668,"ROLLING",null,null,"CLOSED"
669,669,"ROLLING",null,null,"CLOSED"
670,670,"ROLLING",null,null,"CLOSED"
671,671,"ROLLING",null,null,"CLOSED"
672,672,"ROLLING",null,null,"CLOSED"
673,673,"ROLLING",null,null,"CLOSED"
674,674,"ROLLING",null,null,"CLOSED"
675,675,"ROLLING",null,null,"CLOSED"
676,676,"ROLLING",null,null,"CLOSED"
677,677,"ROLLING",null,null,"CLOSED"
678,678,"ROLLING",null,null,"CLOSED"
679,679,"ROLLING",null,null,"CLOSED"
680,680,"ROLLING",null,null,"CLOSED"
681,681,"ROLLING",null,null,"CLOSED"
682,682,"ROLLING",null,null,"CLOSED"
683,683,"ROLLING",null,null,"CLOSED"
684,684,"ROLLING",null,null,"CLOSED"
685,685,"ROLLING",null,null,"CLOSED"
686,686,"ROLLING",null,null,"CLOSED"
687,687,"ROLLING",null,null,"CLOSED"
688,688,"ROLLING",null,null,"CLOSED"
689,689,"ROLLING",null,null,"CLOSED"
690,690,"ROLLING",null,null,"CLOSED"
691,691,"ROLLING",null,null,"CLOSED"
692,692,"ROLLING",null,null,"CLOSED"
693,693,"ROLLING",null,null,"CLOSED"
694,694,"ROLLING",null,null,"CLOSED"
695,695,"ROLLING",null,null,"CLOSED"
696,696,"ROLLING",null,null,"CLOSED"
697,697,"ROLLING",null,null,"CLOSED"
698,698,"ROLLING",null,null,"CLOSED"
699,699,"ROLLING",null,null,"CLOSED"
700,700,"ROLLING",null,null,"CLOSED"
701,701,"ROLLING",null,null,"CLOSED"
702,702,"ROLLING",null,null,"CLOSED"
703,703,"ROLLING",null,null,"CLOSED"
704,704,"ROLLING",null,null,"CLOSED"
705,705,"ROLLING",null,null,"CLOSED"
706,706,"FIXED",7/25/2013 12:00:00 AM,7/31/2013 12:00:00 AM,"OPEN"
707,707,"ROLLING",null,null,"CLOSED"
708,708,"ROLLING",null,null,"CLOSED"
709,709,"ROLLING",null,null,"CLOSED"
710,710,"ROLLING",null,null,"OPEN"
711,711,"ROLLING",null,null,"CLOSED"
712,712,"ROLLING",null,null,"CLOSED"
713,713,"ROLLING",null,null,"CLOSED"
714,714,"ROLLING",null,null,"CLOSED"
715,715,"ROLLING",null,null,"CLOSED"
716,716,"ROLLING",null,null,"CLOSED"
717,717,"ROLLING",null,null,"OPEN"
718,718,"ROLLING",null,null,"CLOSED"
719,719,"ROLLING",null,null,"CLOSED"
720,720,"ROLLING",null,null,"CLOSED"
721,721,"ROLLING",null,null,"CLOSED"
722,722,"ROLLING",null,null,"CLOSED"
723,723,"ROLLING",null,null,"OPEN"
724,724,"ROLLING",null,null,"CLOSED"
725,725,"ROLLING",null,null,"CLOSED"
726,726,"ROLLING",null,null,"CLOSED"
727,727,"ROLLING",null,null,"CLOSED"
728,728,"ROLLING",null,null,"CLOSED"
729,729,"ROLLING",null,null,"CLOSED"
730,730,"ROLLING",null,null,"CLOSED"
731,731,"ROLLING",null,null,"CLOSED"
732,732,"FIXED",7/31/2013 12:00:00 AM,9/14/2013 12:00:00 AM,"OPEN"
733,733,"ROLLING",null,null,"CLOSED"
734,734,"ROLLING",null,null,"CLOSED"
735,735,"ROLLING",null,null,"CLOSED"
736,736,"ROLLING",null,null,"CLOSED"
737,737,"ROLLING",null,null,"CLOSED"
738,738,"ROLLING",null,null,"CLOSED"
739,739,"ROLLING",null,null,"CLOSED"
740,740,"ROLLING",null,null,"CLOSED"
741,741,"ROLLING",null,null,"CLOSED"
742,742,"ROLLING",null,null,"CLOSED"
743,743,"FIXED",9/2/2013 12:00:00 AM,8/8/2013 12:00:00 AM,"CLOSED"
744,744,"ROLLING",null,null,"CLOSED"
745,745,"ROLLING",null,null,"CLOSED"
746,746,"ROLLING",null,null,"CLOSED"
747,747,"ROLLING",null,null,"CLOSED"
748,748,"ROLLING",null,null,"CLOSED"
749,749,"ROLLING",null,null,"CLOSED"
750,750,"ROLLING",null,null,"CLOSED"
751,751,"ROLLING",null,null,"CLOSED"
752,752,"ROLLING",null,null,"CLOSED"
753,753,"ROLLING",null,null,"MODERATED"
754,754,"ROLLING",null,null,"CLOSED"
755,755,"ROLLING",8/22/2013 12:00:00 AM,10/24/2013 12:00:00 AM,"OPEN"
756,756,"ROLLING",null,null,"CLOSED"
757,757,"ROLLING",null,null,"CLOSED"
758,758,"ROLLING",null,null,"CLOSED"
759,759,"ROLLING",null,null,"CLOSED"
760,760,"ROLLING",null,null,"CLOSED"
761,761,"ROLLING",null,null,"CLOSED"
762,762,"ROLLING",null,null,"CLOSED"
763,763,"ROLLING",null,null,"CLOSED"
764,764,"ROLLING",null,null,"CLOSED"
765,765,"ROLLING",null,null,"CLOSED"
766,766,"ROLLING",null,null,"MODERATED"
767,767,"ROLLING",null,null,"CLOSED"
768,768,"ROLLING",null,null,"CLOSED"
769,769,"ROLLING",null,null,"CLOSED"
770,770,"ROLLING",null,null,"CLOSED"
771,771,"ROLLING",null,null,"CLOSED"
772,772,"ROLLING",null,null,"CLOSED"
773,773,"ROLLING",null,null,"CLOSED"
774,774,"ROLLING",null,null,"CLOSED"
775,775,"ROLLING",null,null,"CLOSED"
776,776,"ROLLING",null,null,"CLOSED"
777,777,"ROLLING",null,null,"CLOSED"
778,778,"ROLLING",null,null,"CLOSED"
779,779,"ROLLING",null,null,"CLOSED"
780,780,"ROLLING",null,null,"CLOSED"
781,781,"ROLLING",null,null,"CLOSED"
782,782,"ROLLING",null,null,"CLOSED"
783,783,"ROLLING",null,null,"CLOSED"
784,784,"ROLLING",null,null,"CLOSED"
785,785,"ROLLING",null,null,"CLOSED"
786,786,"ROLLING",null,null,"CLOSED"
787,787,"ROLLING",null,null,"CLOSED"
788,788,"ROLLING",null,null,"CLOSED"
789,789,"ROLLING",null,null,"CLOSED"
790,790,"ROLLING",null,null,"CLOSED"
791,791,"ROLLING",null,null,"CLOSED"
792,792,"ROLLING",null,null,"CLOSED"
793,793,"ROLLING",null,null,"CLOSED"
794,794,"ROLLING",null,null,"CLOSED"
795,795,"FIXED",9/2/2013 12:00:00 AM,11/25/2013 12:00:00 AM,"CLOSED"
796,796,"ROLLING",null,null,"CLOSED"
797,797,"ROLLING",null,null,"CLOSED"
798,798,"ROLLING",null,null,"CLOSED"
799,799,"ROLLING",null,null,"CLOSED"
800,800,"ROLLING",null,null,"CLOSED"
801,801,"FIXED",9/16/2013 12:00:00 AM,11/15/2013 12:00:00 AM,"CLOSED"
802,802,"ROLLING",null,null,"CLOSED"
803,803,"ROLLING",null,null,"CLOSED"
804,804,"ROLLING",null,null,"CLOSED"
805,805,"ROLLING",null,null,"CLOSED"
806,806,"ROLLING",null,null,"CLOSED"
807,807,"ROLLING",null,null,"CLOSED"
808,808,"ROLLING",null,null,"CLOSED"
809,809,"ROLLING",null,null,"CLOSED"
810,810,"ROLLING",null,null,"CLOSED"
811,811,"ROLLING",null,null,"CLOSED"
812,812,"ROLLING",null,null,"CLOSED"
813,813,"FIXED",8/28/2013 12:00:00 AM,8/28/2013 12:00:00 AM,"OPEN"
814,814,"ROLLING",null,null,"CLOSED"
815,815,"ROLLING",null,null,"CLOSED"
816,816,"ROLLING",null,null,"CLOSED"
817,817,"ROLLING",null,null,"CLOSED"
818,818,"ROLLING",null,null,"CLOSED"
819,819,"ROLLING",null,null,"CLOSED"
820,820,"ROLLING",null,null,"OPEN"
821,821,"ROLLING",null,null,"CLOSED"
822,822,"ROLLING",null,null,"CLOSED"
823,823,"ROLLING",null,null,"CLOSED"
824,824,"FIXED",11/4/2013 12:00:00 AM,11/22/2013 12:00:00 AM,"CLOSED"
825,825,"ROLLING",null,null,"CLOSED"
826,826,"FIXED",9/4/2013 12:00:00 AM,12/4/2013 12:00:00 AM,"OPEN"
827,827,"ROLLING",null,null,"CLOSED"
828,828,"ROLLING",null,null,"CLOSED"
829,829,"ROLLING",null,null,"CLOSED"
830,830,"ROLLING",null,null,"CLOSED"
831,831,"ROLLING",null,null,"CLOSED"
832,832,"FIXED",9/4/2013 12:00:00 AM,12/30/2013 12:00:00 AM,"OPEN"
833,833,"ROLLING",null,null,"CLOSED"
834,834,"ROLLING",null,null,"CLOSED"
835,835,"ROLLING",null,null,"CLOSED"
836,836,"ROLLING",null,null,"CLOSED"
837,837,"ROLLING",null,null,"CLOSED"
838,838,"ROLLING",null,null,"CLOSED"
839,839,"ROLLING",null,null,"CLOSED"
840,840,"ROLLING",null,null,"CLOSED"
841,841,"ROLLING",null,null,"CLOSED"
842,842,"ROLLING",null,null,"CLOSED"
843,843,"ROLLING",null,null,"CLOSED"
844,844,"ROLLING",null,null,"CLOSED"
845,845,"ROLLING",null,null,"CLOSED"
846,846,"ROLLING",null,null,"CLOSED"
847,847,"ROLLING",null,null,"CLOSED"
848,848,"ROLLING",null,null,"CLOSED"
849,849,"ROLLING",null,null,"CLOSED"
850,850,"ROLLING",null,null,"CLOSED"
851,851,"ROLLING",null,null,"CLOSED"
852,852,"ROLLING",null,null,"CLOSED"
853,853,"ROLLING",null,null,"CLOSED"
854,854,"ROLLING",null,null,"CLOSED"
855,855,"ROLLING",null,null,"CLOSED"
856,856,"ROLLING",null,null,"CLOSED"
857,857,"ROLLING",null,null,"MODERATED"
858,858,"ROLLING",null,null,"CLOSED"
859,859,"ROLLING",null,null,"CLOSED"
860,860,"ROLLING",null,null,"CLOSED"
861,861,"ROLLING",null,null,"CLOSED"
862,862,"ROLLING",null,null,"CLOSED"
863,863,"ROLLING",null,null,"CLOSED"
864,864,"ROLLING",null,null,"CLOSED"
865,865,"ROLLING",null,null,"CLOSED"
866,866,"FIXED",11/1/2013 12:00:00 AM,1/1/2014 12:00:00 AM,"OPEN"
867,867,"ROLLING",null,null,"CLOSED"
868,868,"ROLLING",null,null,"CLOSED"
869,869,"ROLLING",null,null,"CLOSED"
870,870,"ROLLING",null,null,"CLOSED"
871,871,"ROLLING",null,null,"OPEN"
872,872,"ROLLING",null,null,"CLOSED"
873,873,"ROLLING",null,null,"CLOSED"
874,874,"ROLLING",null,null,"CLOSED"
875,875,"FIXED",10/14/2013 12:00:00 AM,2/15/2014 12:00:00 AM,"CLOSED"
876,876,"ROLLING",null,null,"CLOSED"
877,877,"ROLLING",null,null,"CLOSED"
878,878,"ROLLING",null,null,"CLOSED"
879,879,"ROLLING",null,null,"CLOSED"
